mins,maxs,theta
(22899.0),(240000.0),(8005.298977092258 -4648.30111374788)
