mins,maxs,theta
(852.0 1.0),(4478.0 5.0),(198837.48166537035 503443.50326071086 -33031.204478444924)
