mins,maxs,theta
(60.0 20.0),(160.0 100.0),(2.939272528096294 -6.4898624220797165 5.515334176918552)
